fpr,tpr
0.0,0.0
0.0,0.016129032258064516
0.0,0.9354838709677419
0.02631578947368421,0.9354838709677419
0.02631578947368421,1.0
1.0,1.0
