dataset,n,positive_n,positive_rate,predictor_n,missing_predictor_cells,train_n,train_positive_rate,test_n,test_positive_rate,duplicate_ids
UCI CKD,400,250,0.625,24,1012,300,0.6266666666666667,100,0.62,0
NHANES 2021-2023,11933,8341,0.6989860051956759,11,38655,10143,0.6990042393769101,1790,0.6988826815642458,0
Tawam UAE,491,56,0.11405295315682282,10,21,368,0.11413043478260869,123,0.11382113821138211,0
